psi_delay,psi_error,status,solve_time,total_cost,gpu_rental_cost,storage_cost_model,storage_cost_data,storage_cost_total,delay_penalty,error_penalty,unmet_demand_penalty,total_gpus,workload_allocation,precision_FP16,precision_INT8,precision_INT4,avg_model_size_GB,error_rate,total_unmet_demand,num_active_configs,gpu_allocation,model_instances
0.5,0.5,OPTIMAL,4.7984020709991455,2573.7181649029735,248.09015167366363,2.0061801770282415,4.034026301284249,6.0402064783124905,158.41389917294242,0.0,2161.1738224162104,17,"dict_values([0.6277906771010066, 0.6219652920854286, 1.0, 0.5098004686623794, 0.6696365272314605, 0.45398037337787456])",0,17,0,73.76470588235293,0.0,0.35280414293158857,3,"{'RTX_4090_INT8': 1, 'H100_80GB_INT8': 8, 'A6000_INT8': 8}","{'Llama-3.2-3B': 1, 'Llama-3.1-8B': 8, 'Llama-3.1-70B': 8}"
0.5,0.7,OPTIMAL,7.848250150680542,2399.606491163942,223.28413921904732,0.8789007807287522,4.592183656000456,5.471084436729209,161.9092177985384,0.020729434735248842,2008.9213202748917,11,"dict_values([0.6277906771010066, 0.6219652920854285, 1.0, 0.5408265975877874, 0.6696365272314604, 0.6355725227283162])",0,11,0,14.727272727272727,0.020729434735248842,0.3173680638775326,3,"{'RTX_4090_INT8': 2, 'H100_80GB_INT8': 9}","{'Llama-3.2-3B': 2, 'Llama-3.1-8B': 8, 'Llama-3.2-11B-Vision': 1}"
0.5,0.9,OPTIMAL,9.763664245605469,2102.682513153317,157.08536627159435,0.7833680871712791,5.152731041424481,5.93609912859576,115.18776197086763,0.027849505592229373,1824.445436276667,12,"dict_values([0.5922541118889412, 0.6155304619840035, 1.0, 0.695357922566399, 0.6820974431237986, 0.8143306439537454])",8,4,0,15.666666666666668,0.027849505592229373,0.26673823574682576,4,"{'H100_80GB_INT8': 4, 'A6000_FP16': 8}","{'Llama-3.2-3B': 1, 'Llama-3.1-8B': 10, 'Llama-3.2-11B-Vision': 1}"
0.5,1.1,OPTIMAL,14.118930101394653,1776.5024747329717,128.52943308567544,0.6878353936138062,5.513541763709372,6.201377157323178,109.17051237985947,0.030791082162760167,1532.5703610279506,12,"dict_values([0.5922541311187932, 0.6369327512453338, 1.0, 0.8229149680339795, 0.8374321414284289, 0.8145910142208725])",11,1,0,15.333333333333332,0.030791082162760167,0.21597916565876493,4,"{'H100_80GB_FP16': 1, 'H100_80GB_INT8': 1, 'A6000_FP16': 10}","{'Llama-3.2-3B': 2, 'Llama-3.1-8B': 8, 'Llama-3.2-11B-Vision': 2}"
0.5,1.3,OPTIMAL,5.479768991470337,1246.0088734720664,119.74108762730759,0.592302700056333,5.9888749395209,6.581177639577233,99.05659511802673,0.0384153022846893,1008.6975078966431,9,"dict_values([0.6642041784079441, 0.7554083542207132, 1.0, 0.9193954252994023, 0.9896925307790454, 0.8145910142208724])",2,7,0,14.0,0.0384153022846893,0.14106683788906835,4,"{'H100_80GB_FP16': 2, 'H100_80GB_INT8': 1, 'A6000_INT8': 6}","{'Llama-3.2-3B': 3, 'Llama-3.1-8B': 4, 'Llama-3.2-11B-Vision': 2}"
0.5,1.5,OPTIMAL,4.244364976882935,882.9949363019896,120.97298324043527,0.4585569290758707,6.326735371297193,6.785292300373064,96.56735145687291,0.053740217324400305,658.615569086984,7,"dict_values([0.766389436624551, 0.8716250241008219, 1.0, 0.9193954252994023, 1.0, 0.8651612893003394])",2,5,0,10.0,0.053740217324400305,0.09623813744581423,5,"{'H100_80GB_INT8': 3, 'A6000_FP16': 1, 'H100_80GB_FP16': 1, 'A6000_INT8': 2}","{'Llama-3.2-1B': 1, 'Llama-3.2-3B': 4, 'Llama-3.2-11B-Vision': 2}"
0.5,1.7,OPTIMAL,3.340693950653076,509.29254739234807,133.15056942516523,0.4585569290758707,6.837930071907051,7.296487000982922,102.36093981133463,0.0539314096153964,228.65483980025158,7,"dict_values([0.8685746948411577, 0.9843501114019392, 1.0, 0.9193954252994023, 1.0, 0.9805161278737179])",0,7,0,10.0,0.0539314096153964,0.035338313309906666,3,"{'H100_80GB_INT8': 5, 'A6000_INT8': 2}","{'Llama-3.2-1B': 1, 'Llama-3.2-3B': 4, 'Llama-3.2-11B-Vision': 2}"
0.5,1.9,OPTIMAL,5.128082990646362,301.2881741706343,90.93023705840625,0.4585569290758707,6.981861836572026,7.440418765647897,112.5391465969292,0.07549354313627446,50.713822777639024,9,"dict_values([0.9707599530577645, 1.0, 1.0, 0.9193954252994022, 1.0, 1.0])",0,9,0,9.11111111111111,0.07549354313627446,0.013434095783432964,4,"{'RTX_4090_INT8': 1, 'A6000_INT8': 6, 'H100_80GB_INT8': 2}","{'Llama-3.2-1B': 1, 'Llama-3.2-3B': 6, 'Llama-3.2-11B-Vision': 2}"
0.7,0.5,OPTIMAL,3.905539035797119,1660.5478916272705,267.74591688572013,2.0061858959788594,4.921045295624859,6.927231191603719,210.7477169880483,0.018544331472299527,1168.5565554705922,20,"dict_values([0.7851287860303356, 0.8707514089196736, 1.0, 0.6629935894758501, 0.9374911381240446, 0.45398037337787456])",0,20,0,58.9,0.018544331472299527,0.21494239542923776,4,"{'RTX_4090_INT8': 1, 'A6000_INT8': 11, 'H100_80GB_INT8': 8}","{'Llama-3.2-3B': 1, 'Llama-3.1-8B': 12, 'Llama-3.1-70B': 7}"
0.7,0.7,OPTIMAL,4.857339143753052,1452.3951536796244,301.5584582035227,2.0061858959788594,5.530995120955485,7.537181016934344,221.8938733044013,0.022124684406000416,914.8315897105266,19,"dict_values([0.8789069479414089, 0.8707514089196001, 1.0, 0.6629935894758502, 0.9323111483654941, 0.6355725227290242])",2,17,0,60.631578947368425,0.022124684406000416,0.16991067517863795,4,"{'RTX_4090_INT8': 2, 'H100_80GB_FP16': 2, 'H100_80GB_INT8': 8, 'A6000_INT8': 7}","{'Llama-3.2-3B': 2, 'Llama-3.1-8B': 10, 'Llama-3.1-70B': 7}"
0.7,0.9,OPTIMAL,5.027905702590942,1268.2986916873003,296.51366391402416,0.8789007807287522,6.168516167775789,7.047416948504542,221.9351516220154,0.022127515436054523,742.7803316873201,12,"dict_values([0.878906947941409, 0.8707514089195999, 1.0, 0.6953484826128696, 0.9323111483654942, 0.8431063502661706])",2,10,0,15.666666666666668,0.022127515436054523,0.12992927698240941,4,"{'H100_80GB_INT8': 10, 'H100_80GB_FP16': 2}","{'Llama-3.2-3B': 1, 'Llama-3.1-8B': 10, 'Llama-3.2-11B-Vision': 1}"
0.7,1.1,OPTIMAL,5.960069894790649,1059.5640811426952,242.74689641331275,0.7833680871712791,6.458571176747729,7.241939263919009,151.30388203454802,0.039304678537124195,657.323369654896,13,"dict_values([0.878906947941409, 0.8707514089196001, 1.0, 0.8229149680339788, 0.8374321414284231, 0.998756821431324])",3,10,0,14.615384615384617,0.039304678537124195,0.0983324222794315,4,"{'RTX_4090_INT8': 2, 'H100_80GB_FP16': 1, 'H100_80GB_INT8': 8, 'A6000_FP16': 2}","{'Llama-3.2-3B': 3, 'Llama-3.1-8B': 8, 'Llama-3.2-11B-Vision': 2}"
0.7,1.3,OPTIMAL,4.787391901016235,800.732267015458,241.3991309981483,0.7833680871712791,6.800926129209081,7.584294216380361,158.06732858012225,0.045629207161812645,358.3153243208004,12,"dict_values([0.8789069479414091, 0.8707514089195999, 1.0, 0.9627659574468087, 0.9896925307790454, 1.0])",3,9,0,15.333333333333332,0.045629207161812645,0.04172360718983183,4,"{'A6000_INT8': 1, 'H100_80GB_FP16': 1, 'H100_80GB_INT8': 8, 'RTX_4090_FP16': 2}","{'Llama-3.2-3B': 2, 'Llama-3.1-8B': 8, 'Llama-3.2-11B-Vision': 2}"
0.7,1.5,OPTIMAL,3.8327748775482178,671.2850857525394,171.19001537993614,0.592302700056333,6.8278525155932215,7.4201552156495545,135.60760473772933,0.06572489898587143,357.00158552023856,12,"dict_values([0.8789069479414093, 0.8716250241008219, 1.0, 1.0, 1.0, 1.0])",2,10,0,14.666666666666666,0.06572489898587143,0.04157800465962813,5,"{'A6000_FP16': 1, 'A6000_INT8': 6, 'H100_80GB_FP16': 1, 'H100_80GB_INT8': 4}","{'Llama-3.2-3B': 4, 'Llama-3.1-8B': 4, 'Llama-3.2-11B-Vision': 4}"
0.7,1.7,OPTIMAL,4.7028608322143555,442.0701649228812,122.24506770977739,0.49677000649885994,6.90710223478289,7.40387224128175,110.89592366889511,0.050551734064003345,177.94101702259024,8,"dict_values([0.8685746948411608, 0.9843501114019392, 1.0, 1.0, 1.0, 1.0])",0,8,0,14.0,0.050551734064003345,0.021904217526470968,2,"{'H100_80GB_INT8': 4, 'A6000_INT8': 4}","{'Llama-3.2-3B': 4, 'Llama-3.2-11B-Vision': 4}"
0.7,1.9,OPTIMAL,6.113545179367065,263.1286126934553,100.43406427900172,0.49677000649885994,6.991546662607314,7.488316669106174,115.55435699372072,0.06281932275086778,0.0,10,"dict_values([0.9707599530577644, 1.0, 1.0, 1.0, 1.0, 1.0])",0,10,0,12.4,0.06281932275086778,0.0,3,"{'A6000_INT8': 8, 'H100_80GB_INT8': 2}","{'Llama-3.2-3B': 6, 'Llama-3.2-11B-Vision': 4}"
0.9,0.5,OPTIMAL,5.050662994384766,1555.2208220752973,175.31274259818184,2.0061784327790466,5.049717395034848,7.055895827813894,270.0234494571296,0.0,1102.8286186885687,25,"dict_values([0.7763827654140781, 0.8743686868686854, 0.9999996844733258, 0.662989913785334, 1.0, 0.45398037337787456])",16,9,0,55.28,0.0,0.2053793042830696,4,"{'RTX_4090_INT8': 1, 'A6000_FP16': 8, 'RTX_4090_FP16': 8, 'A6000_INT8': 8}","{'Llama-3.2-3B': 1, 'Llama-3.1-8B': 16, 'Llama-3.1-70B': 8}"
0.9,0.7,OPTIMAL,5.398035049438477,985.125516920892,221.09745619726246,2.0061865647069346,5.82710620368021,7.833292768387144,260.27732266027334,0.02554746059866701,478.40812181797963,28,"dict_values([1.0, 1.0, 1.0, 0.662993920972645, 0.9848484848484774, 0.6355725227290242])",8,20,0,50.714285714285715,0.02554746059866701,0.11690559271638848,5,"{'RTX_4090_INT8': 2, 'A6000_FP16': 8, 'A6000_INT8': 16, 'H100_80GB_INT8': 2}","{'Llama-3.2-3B': 2, 'Llama-3.1-8B': 18, 'Llama-3.1-70B': 8}"
0.9,0.9,OPTIMAL,4.066589117050171,801.0246443634495,209.50074017041172,0.8789007807287522,6.4646272106704235,7.343527991399176,260.31455211920075,0.025184271279944815,306.35686379477255,20,"dict_values([1.0, 1.0, 1.0, 0.6953484826128703, 0.9848484848484849, 0.8431063502661706])",8,12,0,15.8,0.025184271279944815,0.07692419452015985,5,"{'H100_80GB_INT8': 4, 'A6000_FP16': 8, 'A6000_INT8': 8}","{'Llama-3.2-3B': 1, 'Llama-3.1-8B': 18, 'Llama-3.2-11B-Vision': 1}"
0.9,1.1,OPTIMAL,4.6047728061676025,597.2191697085328,176.3130804873483,0.8789005702477276,6.955179380910886,7.834079951158614,275.5976525951253,0.03462306038048468,111.41624356999104,21,"dict_values([1.0, 0.9999993114885642, 0.9999993114885636, 0.8229149680339788, 0.9848484880101986, 0.998756821431324])",9,12,0,15.619047619047619,0.03462306038048468,0.02951417199433687,5,"{'RTX_4090_INT8': 2, 'A6000_FP16': 9, 'A6000_INT8': 8, 'H100_80GB_INT8': 2}","{'Llama-3.2-3B': 2, 'Llama-3.1-8B': 17, 'Llama-3.2-11B-Vision': 2}"
0.9,1.3,OPTIMAL,3.051147937774658,398.8975127643056,162.78772888745388,0.7833680871712791,6.986015528833992,7.769383616005271,192.97070428030744,0.04913628769440247,0.0,20,"dict_values([1.0, 1.0, 1.0, 0.9627659574468092, 0.9896925307790454, 1.0])",11,9,0,15.600000000000001,0.04913628769440247,0.0,5,"{'A6000_INT8': 9, 'H100_80GB_FP16': 1, 'A6000_FP16': 8, 'RTX_4090_FP16': 2}","{'Llama-3.2-3B': 2, 'Llama-3.1-8B': 16, 'Llama-3.2-11B-Vision': 2}"
0.9,1.5,OPTIMAL,3.8007988929748535,360.00321675710956,152.77488983415603,0.7833680871712791,6.99624772684297,7.7796158140142495,195.55585847573806,0.05681190466585285,0.0,22,"dict_values([1.0, 1.0, 1.0, 1.0, 1.0, 0.9947519083969463])",8,14,0,16.18181818181818,0.05681190466585285,0.0,4,"{'A6000_INT8': 14, 'A6000_FP16': 8}","{'Llama-3.2-3B': 2, 'Llama-3.1-8B': 16, 'Llama-3.2-11B-Vision': 4}"
0.9,1.7,OPTIMAL,5.429702043533325,322.0295744238936,139.74559470311476,0.592302700056333,7.0002518658520145,7.5925545659083475,151.10042074036667,0.05676838282118199,0.0,16,"dict_values([1.0, 0.9843501114019392, 1.0, 1.0, 1.0, 1.0])",0,16,0,15.0,0.05676838282118199,0.0,4,"{'A6000_INT8': 14, 'H100_80GB_INT8': 2}","{'Llama-3.2-3B': 4, 'Llama-3.1-8B': 8, 'Llama-3.2-11B-Vision': 4}"
0.9,1.9,OPTIMAL,5.418309926986694,263.1205622736628,100.43406427900172,0.4967699367810411,6.991546359747455,7.488316296528496,115.55030257578196,0.05878906537088434,0.0,10,"dict_values([0.9707599530577644, 1.0, 0.9999987837001956, 1.0, 1.0, 1.0])",0,10,0,12.4,0.05878906537088434,0.0,3,"{'A6000_INT8': 8, 'H100_80GB_INT8': 2}","{'Llama-3.2-3B': 6, 'Llama-3.2-11B-Vision': 4}"
1.1,0.5,OPTIMAL,5.91826605796814,1543.4794457284806,237.22611434882887,2.1017145312587786,5.436158824864924,7.537873356123702,321.6970178648037,0.0,977.0183773842382,24,"dict_values([0.7763827654140781, 0.8995926703546752, 1.0, 0.6629915777387102, 1.0, 0.5742064324906082])",12,12,0,57.33333333333333,0.0,0.18113750563251704,4,"{'A6000_FP16': 4, 'RTX_4090_FP16': 8, 'H100_80GB_INT8': 4, 'A6000_INT8': 8}","{'Llama-3.1-8B': 16, 'Llama-3.1-70B': 8}"
1.1,0.7,OPTIMAL,5.78368616104126,985.0518876285937,221.09745619726246,2.0061851659498258,5.827103853436325,7.833289019386151,260.22882913305057,0.0,478.4081218179797,28,"dict_values([1.0, 0.9999998317857863, 0.9999910171767611, 0.6629939209726449, 0.9848484922668772, 0.6355725227290242])",8,20,0,50.714285714285715,0.0,0.11690559271638849,5,"{'RTX_4090_INT8': 2, 'A6000_FP16': 8, 'A6000_INT8': 16, 'H100_80GB_INT8': 2}","{'Llama-3.2-3B': 2, 'Llama-3.1-8B': 18, 'Llama-3.1-70B': 8}"
1.1,0.9,OPTIMAL,5.635926723480225,801.0246425698842,209.50074017041172,0.8789007807287522,6.4646272106704235,7.343527991399176,260.3145503256338,0.02518427128120347,306.35686379477306,20,"dict_values([1.0, 1.0, 1.0, 0.6953484826128695, 0.9848484848484849, 0.8431063502661706])",8,12,0,15.8,0.02518427128120347,0.07692419452015997,5,"{'H100_80GB_INT8': 4, 'A6000_FP16': 8, 'A6000_INT8': 8}","{'Llama-3.2-3B': 1, 'Llama-3.1-8B': 18, 'Llama-3.2-11B-Vision': 1}"
1.1,1.1,OPTIMAL,5.443195104598999,597.2277478487508,183.9440786762515,0.8789007807287522,6.955180074446318,7.8340808551750705,275.6049742044459,0.035905429020675284,111.41624356999014,22,"dict_values([1.0, 1.0, 1.0, 0.8229149680339802, 0.9848484848484849, 0.998756821431324])",10,12,0,15.636363636363637,0.035905429020675284,0.02951417199433663,5,"{'RTX_4090_INT8': 2, 'A6000_FP16': 10, 'A6000_INT8': 8, 'H100_80GB_INT8': 2}","{'Llama-3.2-3B': 2, 'Llama-3.1-8B': 18, 'Llama-3.2-11B-Vision': 2}"
1.1,1.3,OPTIMAL,2.78511381149292,398.89749235995976,162.78772888745388,0.7833680871712791,6.986014278972332,7.769382366143612,192.97068513747584,0.04913627604524708,0.0,20,"dict_values([1.0, 1.0, 1.0, 0.9627659574468096, 0.9896919393231758, 1.0])",11,9,0,15.600000000000001,0.04913627604524708,0.0,5,"{'A6000_INT8': 9, 'H100_80GB_FP16': 1, 'A6000_FP16': 8, 'RTX_4090_FP16': 2}","{'Llama-3.2-3B': 2, 'Llama-3.1-8B': 16, 'Llama-3.2-11B-Vision': 2}"
1.1,1.5,OPTIMAL,3.940099000930786,360.0032167571071,152.77488983415603,0.7833680871712791,6.99624772684297,7.7796158140142495,195.5558584757356,0.05681190466585285,0.0,22,"dict_values([1.0, 1.0, 1.0, 1.0, 1.0, 0.9947519083969463])",8,14,0,16.18181818181818,0.05681190466585285,0.0,4,"{'A6000_INT8': 14, 'A6000_FP16': 8}","{'Llama-3.2-3B': 2, 'Llama-3.1-8B': 16, 'Llama-3.2-11B-Vision': 4}"
1.1,1.7,OPTIMAL,5.326629161834717,322.0295717593668,139.74559470311476,0.592302700056333,7.000251867228686,7.592554567285019,151.10042077008083,0.056768382819390756,0.0,16,"dict_values([1.0, 0.9843501131944804, 1.0, 1.0, 1.0, 1.0])",0,16,0,15.0,0.056768382819390756,0.0,4,"{'A6000_INT8': 14, 'H100_80GB_INT8': 2}","{'Llama-3.2-3B': 4, 'Llama-3.1-8B': 8, 'Llama-3.2-11B-Vision': 4}"
1.1,1.9,OPTIMAL,5.391488075256348,263.12591537678367,100.43406427900172,0.496769971577939,6.991546194717254,7.488316166295194,115.55231853453952,0.062122288728117245,0.0,10,"dict_values([0.9707599530577644, 0.9999993907680769, 1.0, 1.0, 1.0, 1.0])",0,10,0,12.4,0.062122288728117245,0.0,3,"{'A6000_INT8': 8, 'H100_80GB_INT8': 2}","{'Llama-3.2-3B': 6, 'Llama-3.2-11B-Vision': 4}"
1.3,0.5,OPTIMAL,6.7466959953308105,1394.223728158558,331.7458078801891,2.159038874398891,5.72938878802343,7.888427662422321,379.28460411398225,0.012562974383863123,675.2923255275805,28,"dict_values([1.0, 0.8743686868686874, 1.0, 0.662993920972645, 1.0, 0.6246819338422392])",8,20,0,53.14285714285714,0.012562974383863123,0.13965924305273805,4,"{'A6000_FP16': 8, 'A6000_INT8': 12, 'H100_80GB_INT8': 8}","{'Llama-3.1-8B': 12, 'Llama-3.1-70B': 8, 'Llama-3.2-11B-Vision': 8}"
1.3,0.7,OPTIMAL,8.19540810585022,985.1206518132343,221.09745619726246,2.0061862857541115,5.827106081040788,7.8332923667948995,260.2736996892203,0.02425755932952668,478.40813390872853,28,"dict_values([1.0, 1.0, 0.999999558040612, 0.6629938161797067, 0.9848484848484849, 0.635572522729025])",8,20,0,50.714285714285715,0.02425755932952668,0.11690559591922886,5,"{'RTX_4090_INT8': 2, 'A6000_FP16': 8, 'A6000_INT8': 16, 'H100_80GB_INT8': 2}","{'Llama-3.2-3B': 2, 'Llama-3.1-8B': 18, 'Llama-3.1-70B': 8}"
1.3,0.9,OPTIMAL,4.944214105606079,801.0246429272444,209.50074017041172,0.8789007807287522,6.464627213606968,7.34352799433572,260.3145522835661,0.025184271279509996,306.3568637945762,20,"dict_values([1.0, 1.0, 1.0, 0.6953484826128711, 0.9848484862379205, 0.8431063502663001])",8,12,0,15.8,0.025184271279509996,0.07692419452011132,5,"{'H100_80GB_INT8': 4, 'A6000_FP16': 8, 'A6000_INT8': 8}","{'Llama-3.2-3B': 1, 'Llama-3.1-8B': 18, 'Llama-3.2-11B-Vision': 1}"
1.3,1.1,OPTIMAL,6.135786056518555,597.2277523766277,183.9440786762515,0.8789007807287522,6.955180074715164,7.834080855443917,275.6049801398372,0.03590542900381538,111.41624216222638,22,"dict_values([1.0, 1.0, 1.0, 0.8229149702714806, 0.9848484848484872, 0.9987568214313242])",10,12,0,15.636363636363637,0.03590542900381538,0.029514171621419893,5,"{'RTX_4090_INT8': 2, 'A6000_FP16': 10, 'A6000_INT8': 8, 'H100_80GB_INT8': 2}","{'Llama-3.2-3B': 2, 'Llama-3.1-8B': 18, 'Llama-3.2-11B-Vision': 2}"
1.3,1.3,OPTIMAL,2.9573071002960205,398.8975127643057,162.78772888745388,0.7833680871712791,6.986015528833992,7.769383616005271,192.97070428030744,0.04913628769440247,0.0,20,"dict_values([1.0, 1.0, 1.0, 0.962765957446809, 0.9896925307790454, 1.0])",11,9,0,15.600000000000001,0.04913628769440247,0.0,5,"{'A6000_INT8': 9, 'H100_80GB_FP16': 1, 'A6000_FP16': 8, 'RTX_4090_FP16': 2}","{'Llama-3.2-3B': 2, 'Llama-3.1-8B': 16, 'Llama-3.2-11B-Vision': 2}"
1.3,1.5,OPTIMAL,4.6839048862457275,360.00321487070653,152.77488983415603,0.7833680871712791,6.99624772684297,7.7796158140142495,195.55585658933504,0.05681190466585285,0.0,22,"dict_values([1.0, 1.0, 1.0, 1.0, 1.0, 0.9947519083969463])",8,14,0,16.18181818181818,0.05681190466585285,0.0,4,"{'A6000_INT8': 14, 'A6000_FP16': 8}","{'Llama-3.2-3B': 2, 'Llama-3.1-8B': 16, 'Llama-3.2-11B-Vision': 4}"
1.3,1.7,OPTIMAL,5.8626062870025635,322.02957417026994,139.74559470311476,0.592302700056333,7.0002518658520145,7.5925545659083475,151.10042074037216,0.05676838282117527,0.0,16,"dict_values([1.0, 0.984350111401939, 1.0, 1.0, 1.0, 1.0])",0,16,0,15.0,0.05676838282117527,0.0,4,"{'A6000_INT8': 14, 'H100_80GB_INT8': 2}","{'Llama-3.2-3B': 4, 'Llama-3.1-8B': 8, 'Llama-3.2-11B-Vision': 4}"
1.3,1.9,OPTIMAL,6.159102916717529,263.12861269302925,100.43406427900172,0.49677000649885994,6.991546662607314,7.488316669106174,115.55435699329423,0.06281932275131814,0.0,10,"dict_values([0.9707599530577644, 1.0, 1.0, 1.0, 1.0, 1.0])",0,10,0,12.4,0.06281932275131814,0.0,3,"{'A6000_INT8': 8, 'H100_80GB_INT8': 2}","{'Llama-3.2-3B': 6, 'Llama-3.2-11B-Vision': 4}"
1.5,0.5,OPTIMAL,19.910107851028442,1394.2237281585574,331.7458078801891,2.159038874398891,5.72938878802343,7.888427662422321,379.28460411398055,0.01256297438425901,675.2923255275812,28,"dict_values([1.0, 0.874368686868687, 1.0, 0.662993920972645, 1.0, 0.6246819338422394])",8,20,0,53.14285714285714,0.01256297438425901,0.13965924305273814,4,"{'A6000_FP16': 8, 'A6000_INT8': 12, 'H100_80GB_INT8': 8}","{'Llama-3.1-8B': 12, 'Llama-3.1-70B': 8, 'Llama-3.2-11B-Vision': 8}"
1.5,0.7,OPTIMAL,9.058157205581665,985.0228326213892,221.09745619726246,2.006173939316555,5.827105384286646,7.8332793236032,260.1992918915589,0.0,478.4088647191411,28,"dict_values([1.0, 1.0, 0.9999996844733258, 0.6629876863217709, 0.9848484887670035, 0.6355725227290242])",8,20,0,50.714285714285715,0.0,0.11690578951096664,5,"{'RTX_4090_INT8': 2, 'A6000_FP16': 8, 'A6000_INT8': 16, 'H100_80GB_INT8': 2}","{'Llama-3.2-3B': 2, 'Llama-3.1-8B': 18, 'Llama-3.1-70B': 8}"
1.5,0.9,OPTIMAL,4.9338788986206055,801.0246396780133,209.50074017041172,0.8789007807287522,6.464627213033624,7.343527993762376,260.3145521192007,0.025184271275162155,306.3568637947727,20,"dict_values([1.0000000033342458, 1.0, 1.0, 0.6953484826128701, 0.9848484848484867, 0.8431063502661706])",8,12,0,15.8,0.025184271275162155,0.07692419452015987,5,"{'H100_80GB_INT8': 4, 'A6000_FP16': 8, 'A6000_INT8': 8}","{'Llama-3.2-3B': 1, 'Llama-3.1-8B': 18, 'Llama-3.2-11B-Vision': 1}"
1.5,1.1,OPTIMAL,4.768305778503418,597.2252512623378,183.9440786762515,0.8789007324998223,6.955180001753348,7.83408073425317,275.6033085011147,0.03506898667835751,111.41624356999101,22,"dict_values([1.0, 1.0, 0.9999996844733255, 0.8229149680339787, 0.9848484876279185, 0.998756821431324])",10,12,0,15.636363636363637,0.03506898667835751,0.02951417199433686,5,"{'RTX_4090_INT8': 2, 'A6000_FP16': 10, 'A6000_INT8': 8, 'H100_80GB_INT8': 2}","{'Llama-3.2-3B': 2, 'Llama-3.1-8B': 18, 'Llama-3.2-11B-Vision': 2}"
1.5,1.3,OPTIMAL,3.145089864730835,398.897512764307,162.78772888745388,0.7833680871712791,6.986015528833992,7.769383616005271,192.97070428030818,0.04913628769440247,0.0,20,"dict_values([1.0, 1.0, 1.0, 0.9627659574468082, 0.9896925307790454, 1.0])",11,9,0,15.600000000000001,0.04913628769440247,0.0,5,"{'A6000_INT8': 9, 'H100_80GB_FP16': 1, 'A6000_FP16': 8, 'RTX_4090_FP16': 2}","{'Llama-3.2-3B': 2, 'Llama-3.1-8B': 16, 'Llama-3.2-11B-Vision': 2}"
1.5,1.5,OPTIMAL,3.9981908798217773,360.0032167571091,152.77488983415603,0.7833680871712791,6.99624772684297,7.7796158140142495,195.55585847573764,0.05681190466585285,0.0,22,"dict_values([1.0, 1.0, 1.0, 1.0, 1.0, 0.9947519083969463])",8,14,0,16.18181818181818,0.05681190466585285,0.0,4,"{'A6000_INT8': 14, 'A6000_FP16': 8}","{'Llama-3.2-3B': 2, 'Llama-3.1-8B': 16, 'Llama-3.2-11B-Vision': 4}"
1.5,1.7,OPTIMAL,6.1997082233428955,322.0295638248438,139.74559470311476,0.592302700056333,7.000251804186536,7.592554504242869,151.10041020480472,0.056768380998266615,0.0,16,"dict_values([1.0, 0.9843501114019388, 1.0, 0.9999994867724378, 1.0, 1.0])",0,16,0,15.0,0.056768380998266615,0.0,4,"{'A6000_INT8': 14, 'H100_80GB_INT8': 2}","{'Llama-3.2-3B': 4, 'Llama-3.1-8B': 8, 'Llama-3.2-11B-Vision': 4}"
1.5,1.9,OPTIMAL,6.728109121322632,263.12861269302965,100.43406427900172,0.49677000649885994,6.991546662607314,7.488316669106174,115.55435699329419,0.06281932275183777,0.0,10,"dict_values([0.9707599530577645, 1.0, 1.0, 1.0, 1.0, 1.0])",0,10,0,12.4,0.06281932275183777,0.0,3,"{'A6000_INT8': 8, 'H100_80GB_INT8': 2}","{'Llama-3.2-3B': 6, 'Llama-3.2-11B-Vision': 4}"
1.7,0.5,OPTIMAL,19.06684684753418,1360.3308435739618,328.86681159056457,1.031753090420709,6.503275166200599,7.535028256621309,376.3353976168281,0.009147548562800733,647.5844585613847,22,"dict_values([1.0, 0.88085456322564, 1.0, 0.38630471256272486, 1.0, 0.8874099411218881])",12,10,0,18.18181818181818,0.009147548562800733,0.14090513051492143,4,"{'A6000_FP16': 4, 'RTX_4090_FP16': 8, 'H100_80GB_INT8': 10}","{'Llama-3.1-8B': 14, 'Llama-3.2-11B-Vision': 8}"
1.7,0.7,OPTIMAL,7.642955780029297,923.8979218881205,261.9161140692291,2.1017192582644073,6.628023698754323,8.729742957018729,358.9110559194015,0.010961021285784321,294.33004792118527,28,"dict_values([1.0, 1.0, 1.0, 0.6629939209726444, 1.0, 0.8874099411218489])",8,20,0,51.42857142857143,0.010961021285784321,0.07493268965091777,4,"{'A6000_FP16': 8, 'A6000_INT8': 16, 'H100_80GB_INT8': 4}","{'Llama-3.1-8B': 20, 'Llama-3.1-70B': 8}"
1.7,0.9,OPTIMAL,6.76370096206665,801.0207088454911,209.50074017041172,0.878900680324192,6.464627047108305,7.343527727432497,260.311071463385,0.02469240464828125,306.3568637947728,20,"dict_values([1.0, 1.0, 0.999999343126634, 0.6953484826128695, 0.9848484848484849, 0.843106350266171])",8,12,0,15.8,0.02469240464828125,0.0769241945201599,5,"{'H100_80GB_INT8': 4, 'A6000_FP16': 8, 'A6000_INT8': 8}","{'Llama-3.2-3B': 1, 'Llama-3.1-8B': 18, 'Llama-3.2-11B-Vision': 1}"
1.7,1.1,OPTIMAL,5.847431898117065,597.2232118422658,183.9440786762515,0.8789006866275374,6.955179810798819,7.834080497426357,275.6017090112404,0.034623060907742025,111.41624356999077,22,"dict_values([1.0, 0.999999763954444, 0.9999996204099996, 0.8229149680339792, 0.9848484905998487, 0.998756821431324])",10,12,0,15.636363636363637,0.034623060907742025,0.029514171994336796,5,"{'RTX_4090_INT8': 2, 'A6000_FP16': 10, 'A6000_INT8': 8, 'H100_80GB_INT8': 2}","{'Llama-3.2-3B': 2, 'Llama-3.1-8B': 18, 'Llama-3.2-11B-Vision': 2}"
1.7,1.3,OPTIMAL,3.7864809036254883,399.4696877510932,163.48738353175278,0.7833680871712791,6.986015528833992,7.769383616005271,192.8434586110166,0.04890229947391926,0.0,20,"dict_values([1.0, 1.0, 1.0, 0.9627659574468092, 0.9896925307790454, 1.0])",11,9,0,15.600000000000001,0.04890229947391926,0.0,5,"{'A6000_INT8': 9, 'H100_80GB_FP16': 1, 'A6000_FP16': 10}","{'Llama-3.2-3B': 2, 'Llama-3.1-8B': 16, 'Llama-3.2-11B-Vision': 2}"
1.7,1.5,OPTIMAL,3.570945978164673,360.00321675710956,152.77488983415603,0.7833680871712791,6.99624772684297,7.7796158140142495,195.55585847573806,0.05681190466585285,0.0,22,"dict_values([1.0, 1.0, 1.0, 1.0, 1.0, 0.9947519083969463])",8,14,0,16.18181818181818,0.05681190466585285,0.0,4,"{'A6000_INT8': 14, 'A6000_FP16': 8}","{'Llama-3.2-3B': 2, 'Llama-3.1-8B': 16, 'Llama-3.2-11B-Vision': 4}"
1.7,1.7,OPTIMAL,5.538461923599243,322.02957286885487,139.74559470311476,0.592302700056333,7.0002518666554305,7.5925545667117635,151.10042075770966,0.05676838277825415,0.0,16,"dict_values([1.0, 0.9843501124480535, 1.0, 1.0, 1.0, 1.0])",0,16,0,15.0,0.05676838277825415,0.0,4,"{'A6000_INT8': 14, 'H100_80GB_INT8': 2}","{'Llama-3.2-3B': 4, 'Llama-3.1-8B': 8, 'Llama-3.2-11B-Vision': 4}"
1.7,1.9,OPTIMAL,7.738358020782471,263.12861352054944,100.43406427900172,0.49677000649885994,6.991546662607314,7.488316669106174,115.55435782081439,0.06281932275131816,0.0,10,"dict_values([0.9707599530577644, 1.0, 1.0, 1.0, 1.0, 1.0])",0,10,0,12.4,0.06281932275131816,0.0,3,"{'A6000_INT8': 8, 'H100_80GB_INT8': 2}","{'Llama-3.2-3B': 6, 'Llama-3.2-11B-Vision': 4}"
1.9,0.5,OPTIMAL,9.908865213394165,1298.593496879731,328.86681159056457,1.031753090420709,6.822028414987134,7.853781505407843,390.5900327208589,0.009416341952293739,565.2878669331951,22,"dict_values([1.0, 0.88085456322564, 1.0, 0.3863047125627053, 1.0, 0.9918111106655959])",12,10,0,18.18181818181818,0.009416341952293739,0.12214012070194244,4,"{'A6000_FP16': 4, 'RTX_4090_FP16': 8, 'H100_80GB_INT8': 10}","{'Llama-3.1-8B': 14, 'Llama-3.2-11B-Vision': 8}"
1.9,0.7,OPTIMAL,9.19975209236145,862.1584309950445,261.9161140692291,2.1017192100354776,6.946776868974522,9.04849607901,373.1640209452871,0.010737948492065854,212.03345629281688,28,"dict_values([1.0, 1.0, 0.9999996844733258, 0.662993920972645, 1.0, 0.9918111106655958])",8,20,0,51.42857142857143,0.010737948492065854,0.056167679837892504,4,"{'A6000_FP16': 8, 'A6000_INT8': 16, 'H100_80GB_INT8': 4}","{'Llama-3.1-8B': 20, 'Llama-3.1-70B': 8}"
1.9,0.9,OPTIMAL,6.365507125854492,801.0246443634512,209.50074017041172,0.8789007807287522,6.4646272106704235,7.343527991399176,260.31455211920075,0.0251842712811939,306.356863794773,20,"dict_values([1.0, 1.0, 1.0, 0.6953484826128696, 0.9848484848484849, 0.8431063502661706])",8,12,0,15.8,0.0251842712811939,0.07692419452015996,5,"{'H100_80GB_INT8': 4, 'A6000_FP16': 8, 'A6000_INT8': 8}","{'Llama-3.2-3B': 1, 'Llama-3.1-8B': 18, 'Llama-3.2-11B-Vision': 1}"
1.9,1.1,OPTIMAL,5.676745891571045,597.2242627425802,176.3130804873483,0.8789006830883291,6.95517997263425,7.834080655722579,275.60196462216254,0.03541356240503366,111.41623949427502,21,"dict_values([1.0, 1.0, 0.9999996844733244, 0.8229147745661098, 0.9848484848484848, 0.998756821431324])",9,12,0,15.333333333333332,0.03541356240503366,0.029514170914679363,5,"{'RTX_4090_INT8': 2, 'A6000_FP16': 9, 'A6000_INT8': 8, 'H100_80GB_INT8': 2}","{'Llama-3.2-3B': 2, 'Llama-3.1-8B': 18, 'Llama-3.2-11B-Vision': 1}"
1.9,1.3,OPTIMAL,3.7354400157928467,398.8975126831786,162.78772888745388,0.7833680871712791,6.986015528833992,7.769383616005271,192.97070428030864,0.04913620657386671,0.0,20,"dict_values([1.0, 1.0, 1.0, 0.962765957446809, 0.9896925307790454, 1.0])",11,9,0,15.600000000000001,0.04913620657386671,0.0,5,"{'A6000_INT8': 9, 'H100_80GB_FP16': 1, 'A6000_FP16': 8, 'RTX_4090_FP16': 2}","{'Llama-3.2-3B': 2, 'Llama-3.1-8B': 16, 'Llama-3.2-11B-Vision': 2}"
1.9,1.5,OPTIMAL,4.298468828201294,360.00321675710956,152.77488983415603,0.7833680871712791,6.99624772684297,7.7796158140142495,195.55585847573806,0.05681190466585285,0.0,22,"dict_values([1.0, 1.0, 1.0, 1.0, 1.0, 0.9947519083969463])",8,14,0,16.18181818181818,0.05681190466585285,0.0,4,"{'A6000_INT8': 14, 'A6000_FP16': 8}","{'Llama-3.2-3B': 2, 'Llama-3.1-8B': 16, 'Llama-3.2-11B-Vision': 4}"
1.9,1.7,OPTIMAL,6.371093988418579,322.0295740239338,139.74559470311476,0.592302700056333,7.0002518658520145,7.5925545659083475,151.1004207403722,0.056767982855420215,0.0,16,"dict_values([1.0, 0.984350111401939, 1.0, 1.0, 1.0, 1.0])",0,16,0,15.0,0.056767982855420215,0.0,4,"{'A6000_INT8': 14, 'H100_80GB_INT8': 2}","{'Llama-3.2-3B': 4, 'Llama-3.1-8B': 8, 'Llama-3.2-11B-Vision': 4}"
1.9,1.9,OPTIMAL,5.964340925216675,263.1286178250444,100.43406427900172,0.49677000649885994,6.991546662607314,7.488316669106174,115.55436212530932,0.06281932275131816,0.0,10,"dict_values([0.9707599530577644, 1.0, 1.0, 1.0, 1.0, 1.0])",0,10,0,12.4,0.06281932275131816,0.0,3,"{'A6000_INT8': 8, 'H100_80GB_INT8': 2}","{'Llama-3.2-3B': 6, 'Llama-3.2-11B-Vision': 4}"
