gpu_cost_scale,psi_error,status,solve_time,gap,total_cost,C1_rental,C2_storage,C2_model,C2_data,C3_robust_delay,C4_unmet,C1_pct,C2_pct,C3_pct,C4_pct,num_allocations,num_gpu_configs,total_gpus,num_unmet_queries,total_unmet_fraction,avg_delay,avg_error,scaled_epsilon_mean,scaled_gpu_cost_mean,num_tp_configs,avg_tp_degree,tp_1_count,tp_2_count,tp_4_count,tp_8_count
0.5,0.4,OPTIMAL,0.41167593002319336,0.0,823.3823265180483,364.2468941634372,44.88619160425113,3.935326219834577,40.95086538441655,66.41173477925885,347.837505971101,44.237881046558144,5.451439769671476,8.065722646744607,42.24495653702575,6,5,33,3,0.6408417789532799,92.04068325102872,0.025019047670770917,0.03466666666666667,0.5782153383556619,5,7.787878787878788,1,0,0,4
0.5,0.5,OPTIMAL,0.33841991424560547,0.0,584.2174967705927,209.5485998576375,42.009105425384476,2.146541574455224,39.86256385092925,47.27655903163954,285.38323245593114,35.8682512961302,7.190661980786306,8.092287425996734,48.84879929708676,6,5,25,3,0.5885408721208422,55.82443530086611,0.03656300731823398,0.043333333333333335,0.5782153383556619,5,6.44,1,0,2,2
0.5,0.6,OPTIMAL,0.36313700675964355,0.0,472.262457071328,209.5485998576375,44.65018942652894,2.146541574455224,42.50364785207372,53.50664289549123,164.55702489167038,44.3712170467932,9.454528675309291,11.32985315565956,34.84440112223796,6,5,25,1,0.28551102609721124,59.007491971131834,0.03788653147812435,0.05200000000000001,0.5782153383556619,5,6.44,1,0,2,2
0.5,0.7,OPTIMAL,0.2834618091583252,0.0,392.1064648192112,165.37684282898098,44.54778741023726,1.90803695507131,42.63975045516595,35.357435422270505,146.8243991577225,42.17651522405564,11.36114586398797,9.017304889010891,37.44503402294551,6,4,19,1,0.25474442605670733,39.945145930557814,0.04449030761132916,0.06066666666666667,0.5782153383556619,4,7.0,1,1,0,2
0.5,0.8,OPTIMAL,0.2320859432220459,0.0,338.23981678608516,161.17608201252196,44.94132323751421,1.90803695507131,43.0332862824429,36.57126784487917,95.55114369116988,47.651421865112766,13.286822250715888,10.812230266789713,28.24952561738165,6,4,19,1,0.16578389830508478,40.54307907423624,0.04551748272651962,0.06933333333333334,0.5782153383556619,4,7.0,1,1,0,2
0.5,0.9,OPTIMAL,0.29430294036865234,0.0,320.7193128153739,211.27319720796285,43.951130726216775,1.90803695507131,42.043093771145465,22.085527782978584,43.409457098215725,65.87479729653354,13.703923951570014,6.886248161704062,13.535030590192404,6,5,23,2,0.12013714841074499,36.75764891277357,0.04327257239394419,0.078,0.5782153383556619,5,6.478260869565218,1,1,1,2
0.5,1.0,OPTIMAL,0.29811906814575195,0.0,292.1264320006276,202.8716755750448,45.50359284697633,1.90803695507131,43.59555589190502,21.457373675310457,22.293789903296013,69.44653182722233,15.57667771976162,7.345235255967649,7.63155519704842,6,5,23,1,0.038680347041251624,32.304482709540714,0.04386935405367639,0.08666666666666667,0.5782153383556619,5,6.478260869565218,1,1,1,2
0.5,1.1,OPTIMAL,0.2648589611053467,0.0,270.04449819205877,202.8716755750448,45.674703594146564,1.90803695507131,43.766666639075254,21.49811902286742,0.0,75.12527636491973,16.913769360211955,7.960954274868326,0.0,6,5,23,0,0.0,32.13267234178012,0.04380948238349267,0.09533333333333334,0.5782153383556619,5,6.478260869565218,1,1,1,2
0.5,1.2,OPTIMAL,0.3114449977874756,0.0,261.5340797244968,187.7693156540608,45.43619897476265,1.6695323356873963,43.766666639075254,28.328565095673383,0.0,71.795352961977,17.37295538027996,10.831691657743052,0.0,6,5,25,0,0.0,37.31329896417889,0.05845539711213175,0.10400000000000002,0.5782153383556619,5,6.44,1,0,2,2
0.5,1.3,OPTIMAL,0.30536890029907227,0.0,262.13363604197644,187.93159237113284,45.43619897476265,1.6695323356873963,43.766666639075254,28.76584469608104,0.0,71.69304756488353,17.33321967406227,10.973732761054235,0.0,6,5,21,0,0.0,37.58400402010083,0.05808740683498705,0.11266666666666669,0.5782153383556619,5,5.380952380952381,1,0,3,1
0.5,1.4,OPTIMAL,0.37696099281311035,0.0,248.25780877758578,179.36779402114274,45.43619897476265,1.6695323356873963,43.766666639075254,23.453815781680454,0.0,72.25061515863067,18.302022078777366,9.447362762591984,0.0,6,5,25,0,0.0,35.290112878257645,0.06269928834183293,0.12133333333333333,0.5782153383556619,5,6.44,1,0,2,2
0.6,0.4,OPTIMAL,0.6841869354248047,0.0,876.9725385198063,301.6877641646789,43.28819948842329,2.7428031229150083,40.54539636550828,68.3640351776013,463.63253968910254,34.4010503081295,4.936095212455234,7.795459056561701,52.867395422853534,6,4,25,4,0.9784902781556079,101.25954793055676,0.030344842639318154,0.03466666666666667,0.6938584060267943,4,7.72,1,0,0,3
0.6,0.5,OPTIMAL,0.3955659866333008,0.0,626.1272167421183,251.458319829165,42.00910542538449,2.146541574455224,39.86256385092926,47.276559031639586,285.383232455929,40.160899112094114,6.7093562301871135,7.55063152782756,45.57911312989117,6,5,25,3,0.5885408721208356,55.824435300866085,0.03656300731823395,0.043333333333333335,0.6938584060267943,5,6.44,1,0,2,2
0.6,0.6,OPTIMAL,0.4283599853515625,0.0,514.1721770428801,251.458319829165,44.65018942652894,2.146541574455224,42.50364785207372,53.50664289549121,164.55702489169468,48.905470007217886,8.683898394370972,10.406366832841861,32.004264765569225,6,5,25,1,0.28551102609725343,59.007491971131834,0.03788653147812435,0.05200000000000001,0.6938584060267943,5,6.44,1,0,2,2
0.6,0.7,OPTIMAL,0.2784719467163086,0.0,425.18183338500734,198.45221139477715,44.54778741023726,1.90803695507131,42.63975045516595,35.357435422270505,146.82439915772244,46.67466853295123,10.477349668394393,8.315838694418986,34.532143104235395,6,4,19,1,0.2547444260567072,39.94514593055782,0.04449030761132916,0.06066666666666667,0.6938584060267943,4,7.0,1,1,0,2
0.6,0.8,OPTIMAL,0.2733592987060547,0.0,370.47503318858963,193.41129841502632,44.941323237514204,1.90803695507131,43.033286282442894,36.571267844879166,95.55114369117001,52.206297614816776,12.130729256089143,9.87145274814312,25.791520380950985,6,4,19,1,0.165783898305085,40.54307907423624,0.04551748272651962,0.06933333333333334,0.6938584060267943,4,7.0,1,1,0,2
0.6,0.9,OPTIMAL,0.3105740547180176,0.0,362.9739522569667,253.52783664955538,43.951130726216775,1.90803695507131,42.043093771145465,22.08552778297865,43.409457098215746,69.84739127232767,12.108618387884114,6.084604045455924,11.959386294332246,6,5,23,2,0.12013714841074508,36.75764891277356,0.04327257239394419,0.078,0.6938584060267943,5,6.478260869565218,1,1,1,2
0.6,1.0,OPTIMAL,0.2968277931213379,0.0,332.70076711563667,243.44601069005373,45.50359284697633,1.90803695507131,43.59555589190502,21.457373675310457,22.293789903295977,73.17266287078901,13.677032740703199,6.449451217481722,6.700853171026003,6,5,23,1,0.03868034704125156,32.304482709540714,0.04386935405367639,0.08666666666666667,0.6938584060267943,5,6.478260869565218,1,1,1,2
0.6,1.1,OPTIMAL,0.2889280319213867,0.0,310.61883330706786,243.44601069005373,45.674703594146564,1.90803695507131,43.766666639075254,21.49811902286742,0.0,78.37451712059931,14.70442184971895,6.921061029681695,0.0,6,5,23,0,0.0,32.13267234178012,0.04380948238349267,0.09533333333333334,0.6938584060267943,5,6.478260869565218,1,1,1,2
0.6,1.2,OPTIMAL,0.2848789691925049,0.0,299.08794285530905,225.3231787848729,45.43619897476265,1.6695323356873963,43.766666639075254,28.328565095673383,0.0,75.33676437564665,15.191584970291997,9.471650654061307,0.0,6,5,25,0,0.0,37.31329896417889,0.05845539711213175,0.10400000000000002,0.6938584060267943,5,6.44,1,0,2,2
0.6,1.3,OPTIMAL,0.3259091377258301,0.0,299.08794285530905,225.3231787848729,45.43619897476265,1.6695323356873963,43.766666639075254,28.328565095673387,0.0,75.33676437564665,15.191584970291997,9.471650654061307,0.0,6,5,25,0,0.0,37.31329896417889,0.05845539711213175,0.11266666666666669,0.6938584060267943,5,6.44,1,0,2,2
0.6,1.4,OPTIMAL,0.33713698387145996,0.0,284.13136758181446,215.24135282537125,45.43619897476265,1.6695323356873963,43.766666639075254,23.453815781680458,0.0,75.75416774897033,15.991264660942258,8.254567590087367,0.0,6,5,25,0,0.0,35.290112878257645,0.06269928834183293,0.12133333333333333,0.6938584060267943,5,6.44,1,0,2,2
0.7,0.4,OPTIMAL,0.5548038482666016,0.0,927.2538325472512,351.9690581921253,43.28819948842331,2.7428031229150083,40.5453963655083,68.3640351776013,463.6325396891012,37.95822091403323,4.66843036598799,7.372742260854186,50.00060645912458,6,4,25,4,0.9784902781556052,101.25954793055683,0.030344842639318154,0.03466666666666667,0.8095014736979266,4,7.72,1,0,0,3
0.7,0.5,OPTIMAL,0.5777649879455566,0.0,668.0369367136457,293.36803980069243,42.009105425384476,2.146541574455224,39.862563850929256,47.27655903163958,285.38323245592915,43.9149429736465,6.288440521274903,7.076937880742467,42.719678624336126,6,5,25,3,0.588540872120836,55.824435300866085,0.036563007318233955,0.043333333333333335,0.8095014736979266,5,6.44,1,0,2,2
0.7,0.6,OPTIMAL,0.4652979373931885,0.0,556.0818970144074,293.36803980069243,44.65018942652894,2.146541574455224,42.50364785207372,53.50664289549121,164.55702489169468,52.756265106952696,8.029426900292009,9.62207962222243,29.592228370532837,6,5,25,1,0.28551102609725343,59.007491971131834,0.03788653147812435,0.05200000000000001,0.8095014736979266,5,6.44,1,0,2,2
0.7,0.7,OPTIMAL,0.24842333793640137,0.0,458.25720195080345,231.52757996057332,44.54778741023727,1.90803695507131,42.63975045516596,35.35743542227051,146.8243991577223,50.523500552737445,9.72113198016247,7.715631150313343,32.03973631678673,6,4,19,1,0.25474442605670694,39.94514593055782,0.04449030761132916,0.06066666666666667,0.8095014736979266,4,7.0,1,1,0,2
0.7,0.8,OPTIMAL,0.25527119636535645,0.0,402.71024959109405,225.6465148175307,44.94132323751421,1.90803695507131,43.0332862824429,36.57126784487918,95.55114369116988,56.031977096845374,11.159716764881686,9.081285584862343,23.72702055341057,6,4,19,1,0.16578389830508478,40.54307907423624,0.04551748272651962,0.06933333333333334,0.8095014736979266,4,7.0,1,1,0,2
0.7,0.9,OPTIMAL,0.3488788604736328,0.0,402.7102495910941,225.6465148175307,44.941323237514204,1.90803695507131,43.033286282442894,36.57126784487917,95.55114369116994,56.031977096845374,11.159716764881685,9.081285584862338,23.72702055341058,6,4,19,1,0.1657838983050849,40.54307907423624,0.04551748272651962,0.078,0.8095014736979266,4,7.0,1,1,0,2
0.7,1.0,OPTIMAL,0.3906879425048828,0.001605123265553032,373.27510223064553,284.0203458050627,45.50359284697633,1.90803695507131,43.59555589190502,21.457373675310457,22.293789903295977,76.08874637172221,12.190363775953053,5.748407420447778,5.972482431876936,6,5,23,1,0.03868034704125156,32.304482709540714,0.04386935405367639,0.08666666666666667,0.8095014736979266,5,6.478260869565218,1,1,1,2
0.7,1.1,OPTIMAL,0.3120419979095459,0.0,351.1931684220767,284.0203458050627,45.674703594146564,1.90803695507131,43.766666639075254,21.49811902286742,0.0,80.87297001851604,13.00557861058762,6.121451370896315,0.0,6,5,23,0,0.0,32.13267234178012,0.04380948238349267,0.09533333333333334,0.8095014736979266,5,6.478260869565218,1,1,1,2
0.7,1.2,OPTIMAL,0.313493013381958,0.00872222390767659,336.64180598612114,262.877041915685,45.43619897476265,1.6695323356873963,43.766666639075254,28.328565095673387,0.0,78.0880559815327,13.496897345137182,8.415046673330078,0.0,6,5,25,0,0.0,37.31329896417889,0.05845539711213175,0.10400000000000002,0.8095014736979266,5,6.44,1,0,2,2
0.7,1.3,OPTIMAL,0.33847808837890625,0.005647686248489233,336.64180598612114,262.877041915685,45.43619897476265,1.6695323356873963,43.766666639075254,28.32856509567339,0.0,78.0880559815327,13.496897345137182,8.41504667333008,0.0,6,5,25,0,0.0,37.31329896417889,0.05845539711213175,0.11266666666666669,0.8095014736979266,5,6.44,1,0,2,2
0.7,1.4,OPTIMAL,0.4172048568725586,0.0,320.00492638604294,251.11491162959976,45.43619897476265,1.6695323356873963,43.766666639075254,23.453815781680454,0.0,78.47220180812572,14.198593592884249,7.329204598990009,0.0,6,5,25,0,0.0,35.290112878257645,0.06269928834183293,0.12133333333333333,0.8095014736979266,5,6.44,1,0,2,2
0.8,0.4,OPTIMAL,0.5963449478149414,0.0,977.5351265746879,402.2503522195719,43.28819948842332,2.7428031229150083,40.54539636550831,68.36403517760131,463.6325396890913,41.14945246306075,4.428301174210123,6.993511876872488,47.42873448585663,6,4,25,4,0.9784902781555793,101.25954793055674,0.030344842639318154,0.03466666666666667,0.925144541369059,4,7.72,1,0,0,3
0.8,0.5,OPTIMAL,0.476804256439209,0.0,707.4028797527467,309.7391181368515,41.730048471032134,2.146541574455224,39.58350689657691,34.192524135826886,321.74118900903596,43.78539118261892,5.89904984350894,4.8335291125444595,45.482029861327646,6,4,21,3,0.6516229404136301,44.32695062893395,0.03663957234346223,0.043333333333333335,0.925144541369059,4,6.904761904761905,1,0,1,2
0.8,0.6,OPTIMAL,0.6433379650115967,0.0,597.9916169859349,335.27775977222,44.65018942652894,2.146541574455224,42.50364785207372,53.5066428954912,164.55702489169468,56.067300986947764,7.466691531827801,8.947724579348025,27.51828290187639,6,5,25,1,0.28551102609725343,59.007491971131834,0.03788653147812435,0.05200000000000001,0.925144541369059,5,6.44,1,0,2,2
0.8,0.7,OPTIMAL,0.25908803939819336,0.0,492.2838584536174,266.8418433881261,44.67968414376094,1.90803695507131,42.77164718868963,51.12258038916088,129.6397505325694,54.20487363252998,9.076000233708784,10.384776894726807,26.334349239034406,6,4,19,1,0.22492858157776494,53.41233811746693,0.04441586535298112,0.06066666666666667,0.925144541369059,4,7.0,1,1,0,2
0.8,0.8,OPTIMAL,0.31885218620300293,0.0,434.94546599359853,257.88173122003514,44.94132323751421,1.90803695507131,43.0332862824429,36.57126784487917,95.55114369116988,59.29058959861202,10.332634031452498,8.408242114062507,21.96853425587294,6,4,19,1,0.16578389830508478,40.54307907423624,0.04551748272651962,0.06933333333333334,0.925144541369059,4,7.0,1,1,0,2
0.8,0.9,OPTIMAL,0.34673404693603516,0.005315151952785943,434.94546599359853,257.88173122003514,44.94132323751421,1.90803695507131,43.0332862824429,36.57126784487917,95.55114369116988,59.29058959861202,10.332634031452498,8.408242114062507,21.96853425587294,6,4,19,1,0.16578389830508478,40.54307907423624,0.04551748272651962,0.078,0.925144541369059,4,7.0,1,1,0,2
0.8,1.0,OPTIMAL,0.31517601013183594,0.0,413.84943734565456,324.59468092007177,45.50359284697633,1.90803695507131,43.59555589190502,21.457373675310457,22.293789903295977,78.4330366623078,10.995204714745306,5.184826108000449,5.3869325149464435,6,5,23,1,0.03868034704125156,32.304482709540714,0.04386935405367639,0.08666666666666667,0.925144541369059,5,6.478260869565218,1,1,1,2
0.8,1.1,OPTIMAL,0.2860219478607178,0.002111410831501123,391.76750353708576,324.59468092007177,45.674703594146564,1.90803695507131,43.766666639075254,21.49811902286742,0.0,82.85390645968796,11.658624868517936,5.487468671794099,0.0,6,5,23,0,0.0,32.13267234178012,0.04380948238349267,0.09533333333333334,0.925144541369059,5,6.478260869565218,1,1,1,2
0.8,1.2,OPTIMAL,0.3250608444213867,0.008371385248856767,374.19566911693335,300.43090504649723,45.43619897476265,1.6695323356873963,43.766666639075254,28.328565095673383,0.0,80.28711442745609,12.142363668181359,7.570521904362533,0.0,6,5,25,0,0.0,37.31329896417889,0.05845539711213175,0.10400000000000002,0.925144541369059,5,6.44,1,0,2,2
0.8,1.3,OPTIMAL,0.37746119499206543,0.009626004126563389,373.94394238701284,297.95942337638786,45.43619897476265,1.6695323356873963,43.766666639075254,30.54832003586226,0.0,79.68023802562769,12.150537506966353,8.16922446740595,0.0,6,5,21,0,0.0,42.115743409883265,0.05672398446706706,0.11266666666666669,0.925144541369059,5,5.380952380952381,1,0,3,1
0.8,1.4,OPTIMAL,0.37437009811401367,0.006676690309378903,355.6267584603511,284.516988763719,45.43619897476265,1.6695323356873963,43.766666639075254,25.673570721869336,0.0,80.00438155877403,12.776372388701548,7.219246052524388,0.0,6,5,21,0,0.0,40.092557323962005,0.06096787569676824,0.12133333333333333,0.925144541369059,5,5.380952380952381,1,0,3,1
0.9,0.4,OPTIMAL,0.6124930381774902,0.007770959822838054,1027.8164206021443,452.53164624701833,43.28819948842332,2.7428031229150083,40.54539636550831,68.36403517760132,463.63253968910107,44.0284507209861,4.2116664630696405,6.65138577349741,45.10849704244683,6,4,25,4,0.9784902781556052,101.25954793055675,0.030344842639318154,0.03466666666666667,1.040787609040191,4,7.72,1,0,0,3
0.9,0.5,OPTIMAL,0.514286994934082,0.004429369782555409,746.120269519853,348.4565079039579,41.730048471032134,2.146541574455224,39.58350689657691,34.19252413582689,321.7411890090359,46.70245832192689,5.592938588558446,4.58270945484843,43.12189363466622,6,4,21,3,0.6516229404136299,44.32695062893396,0.03663957234346223,0.043333333333333335,1.040787609040191,4,6.904761904761905,1,0,1,2
0.9,0.6,OPTIMAL,0.4036250114440918,0.0,639.9013369574627,377.1874797437475,44.65018942652894,2.146541574455224,42.50364785207371,53.50664289549119,164.55702489169494,58.94463067340347,6.977667782165777,8.361702000795793,25.715999543634933,6,5,25,1,0.2855110260972539,59.00749197113182,0.03788653147812435,0.05200000000000001,1.040787609040191,5,6.44,1,0,2,2
0.9,0.7,OPTIMAL,0.3026871681213379,0.0,524.4079390823961,297.67831709216574,44.54778741023726,1.90803695507131,42.63975045516595,35.3574354222705,146.8243991577225,56.76464731122118,8.494872806118563,6.74235319246665,27.998126690193594,6,4,19,1,0.25474442605670733,39.94514593055782,0.04449030761132916,0.06066666666666667,1.040787609040191,4,7.0,1,1,0,2
0.9,0.8,OPTIMAL,0.27909111976623535,0.0,467.1806823961029,290.1169476225395,44.941323237514204,1.90803695507131,43.033286282442894,36.57126784487917,95.55114369116994,62.099517072189535,9.61968782763375,7.828077919941033,20.452717180235663,6,4,19,1,0.1657838983050849,40.54307907423624,0.04551748272651962,0.06933333333333334,1.040787609040191,4,7.0,1,1,0,2
0.9,0.9,OPTIMAL,0.3327312469482422,0.0,467.18068239610284,290.1169476225395,44.94132323751421,1.90803695507131,43.0332862824429,36.57126784487917,95.55114369116988,62.09951707218955,9.619687827633754,7.828077919941033,20.452717180235652,6,4,19,1,0.16578389830508478,40.54307907423624,0.04551748272651962,0.078,1.040787609040191,4,7.0,1,1,0,2
0.9,1.0,OPTIMAL,0.36704015731811523,0.0,454.4237724606635,365.16901603508063,45.50359284697633,1.90803695507131,43.59555589190502,21.457373675310457,22.293789903295977,80.35869559766284,10.01347103840508,4.721886260289756,4.905947103642296,6,5,23,1,0.03868034704125156,32.304482709540714,0.04386935405367639,0.08666666666666667,1.040787609040191,5,6.478260869565218,1,1,1,2
0.9,1.1,OPTIMAL,0.30475521087646484,0.00396907318761672,432.3418386520947,365.16901603508063,45.674703594146564,1.90803695507131,43.766666639075254,21.498119022867417,0.0,84.46302980381503,10.564488446583349,4.972481749601603,0.0,6,5,23,0,0.0,32.13267234178012,0.04380948238349267,0.09533333333333334,1.040787609040191,5,6.478260869565218,1,1,1,2
0.9,1.2,OPTIMAL,0.3397560119628906,0.009836033668044475,411.1888703090613,335.2043512984363,45.43619897476265,1.6695323356873963,43.766666639075254,30.548320035862268,0.0,81.52077439413355,11.049958365996506,7.429267239869911,0.0,6,5,21,0,0.0,42.115743409883265,0.05672398446706706,0.10400000000000002,1.040787609040191,5,5.380952380952381,1,0,3,1
0.9,1.3,OPTIMAL,0.4565131664276123,0.009519744604680816,411.1888703090613,335.2043512984363,45.43619897476265,1.6695323356873963,43.766666639075254,30.548320035862254,0.0,81.52077439413355,11.049958365996506,7.429267239869908,0.0,6,5,21,0,0.0,42.115743409883265,0.05672398446706706,0.11266666666666669,1.040787609040191,5,5.380952380952381,1,0,3,1
0.9,1.4,OPTIMAL,0.3553290367126465,0.0053578056780900505,391.1913820558159,320.0816123591838,45.43619897476265,1.6695323356873963,43.766666639075254,25.673570721869357,0.0,81.82225556122144,11.614826158997472,6.562918279781073,0.0,6,5,21,0,0.0,40.092557323962005,0.06096787569676824,0.12133333333333333,1.040787609040191,5,5.380952380952381,1,0,3,1
1.0,0.4,OPTIMAL,0.7016730308532715,0.001989420545206366,1087.6353967186033,469.20685374279265,40.32568462837081,3.3390646713747927,36.986619956996016,62.06715664642864,516.035701701011,43.14008675686632,3.7076473191322594,5.706614260043881,47.44565166395753,6,4,25,5,1.1382325639321758,91.36121877629955,0.02859433233121886,0.03466666666666667,1.1564306767113237,4,7.72,1,0,0,3
1.0,0.5,OPTIMAL,0.5629198551177979,0.0,784.8376592869595,387.17389767106437,41.730048471032134,2.146541574455224,39.58350689657691,34.19252413582689,321.74118900903596,49.33171759658163,5.317029321572656,4.356636526194663,40.994616555651035,6,4,21,3,0.65162294041363,44.32695062893395,0.036639572343462226,0.043333333333333335,1.1564306767113237,4,6.904761904761905,1,0,1,2
1.0,0.6,OPTIMAL,0.5501549243927002,0.0,681.7931605053113,389.97251624826004,43.74497858654094,2.146541574455224,41.59843701208571,49.90769833520775,198.16796733530236,57.19806810018917,6.416165652662066,7.320064387008316,29.065701860140408,6,4,21,3,0.3993718176575504,55.461784737336124,0.03718550808995034,0.05200000000000001,1.1564306767113237,4,6.904761904761905,1,0,1,2
1.0,0.7,OPTIMAL,0.4235057830810547,0.009859534382051283,557.4833076481923,330.75368565796197,44.54778741023726,1.90803695507131,42.63975045516595,35.35743542227051,146.82439915772244,59.32979178395217,7.99087377130039,6.342330781423741,26.33700366332368,6,4,19,1,0.2547444260567072,39.94514593055782,0.04449030761132916,0.06066666666666667,1.1564306767113237,4,7.0,1,1,0,2
1.0,0.8,OPTIMAL,0.3374488353729248,0.007448049067118544,499.4158987986073,322.3521640250439,44.94132323751421,1.90803695507131,43.0332862824429,36.57126784487917,95.55114369116988,64.54583540501872,8.998777040463642,7.322808090982857,19.13257946353476,6,4,19,1,0.16578389830508478,40.54307907423624,0.04551748272651962,0.06933333333333334,1.1564306767113237,4,7.0,1,1,0,2
1.0,0.9,OPTIMAL,0.3592722415924072,0.007176453892132375,499.4158987986073,322.3521640250439,44.94132323751421,1.90803695507131,43.0332862824429,36.57126784487917,95.55114369116988,64.54583540501872,8.998777040463642,7.322808090982857,19.13257946353476,6,4,19,1,0.16578389830508478,40.54307907423624,0.04551748272651962,0.078,1.1564306767113237,4,7.0,1,1,0,2
1.0,1.0,OPTIMAL,0.3569009304046631,0.008458219978272783,494.9981075756725,405.7433511500896,45.50359284697633,1.90803695507131,43.59555589190502,21.457373675310457,22.293789903295977,81.96866714042172,9.192680163937798,4.334839537145134,4.5038131584953245,6,5,23,1,0.03868034704125156,32.304482709540714,0.04386935405367639,0.08666666666666667,1.1564306767113237,5,6.478260869565218,1,1,1,2
1.0,1.1,OPTIMAL,0.3353750705718994,0.008219289635837427,472.91617376710366,405.7433511500896,45.674703594146564,1.90803695507131,43.766666639075254,21.49811902286742,0.0,85.7960403252999,9.658097169804119,4.545862504895966,0.0,6,5,23,0,0.0,32.13267234178012,0.04380948238349267,0.09533333333333334,1.1564306767113237,5,6.478260869565218,1,1,1,2
1.0,1.2,OPTIMAL,0.37377429008483887,0.0,448.4337982311098,372.4492792204848,45.43619897476265,1.6695323356873963,43.766666639075254,30.54832003586226,0.0,83.05557714196539,10.132197696513979,6.812225161520619,0.0,6,5,21,0,0.0,42.115743409883265,0.05672398446706706,0.10400000000000002,1.1564306767113237,5,5.380952380952381,1,0,3,1
1.0,1.3,OPTIMAL,0.3619990348815918,0.009692845166387697,449.3033953785577,375.5386313081216,45.43619897476265,1.6695323356873963,43.766666639075254,28.328565095673387,0.0,83.5824156173389,10.112587494799739,6.304996887861339,0.0,6,5,25,0,0.0,37.31329896417889,0.05845539711213175,0.11266666666666669,1.1564306767113237,5,6.44,1,0,2,2
1.0,1.4,OPTIMAL,0.3378782272338867,0.0,426.75600565128076,355.6462359546487,45.43619897476265,1.6695323356873963,43.766666639075254,25.673570721869336,0.0,83.33713673505075,10.646879803231256,6.015983461717989,0.0,6,5,21,0,0.0,40.092557323962005,0.06096787569676824,0.12133333333333333,1.1564306767113237,5,5.380952380952381,1,0,3,1
1.1,0.4,OPTIMAL,0.6702561378479004,0.0028807621310609796,1150.2849855709105,480.6548980908817,39.87550745309765,3.3390646713747927,36.536442781722855,43.47090287057486,586.2836771563561,41.78572302691777,3.466576366143439,3.779141987930873,50.96855861900791,6,4,25,5,1.3063307603144698,75.24346047742064,0.02956133085118255,0.03466666666666667,1.2720737443824561,4,7.72,1,0,0,3
1.1,0.5,OPTIMAL,0.666550874710083,0.009920371712514206,823.5550490540642,425.8912874381709,41.73004847103216,2.146541574455224,39.583506896576935,34.19252413582694,321.74118900903414,51.71376071670617,5.0670624287912895,4.1518201090625935,39.06735674543994,6,4,21,3,0.651622940413625,44.32695062893397,0.036639572343462226,0.043333333333333335,1.2720737443824561,4,6.904761904761905,1,0,1,2
1.1,0.6,OPTIMAL,0.5680768489837646,0.009075605556420997,720.7904121301376,428.9697678730861,43.74497858654091,2.146541574455224,41.59843701208568,49.907698335207726,198.16796733530276,59.51380049650775,6.069028923021082,6.9240236128719435,27.49314696759921,6,4,21,3,0.3993718176575517,55.461784737336124,0.03718550808995034,0.05200000000000001,1.2720737443824561,4,6.904761904761905,1,0,1,2
1.1,0.7,OPTIMAL,0.32999396324157715,0.009397623040951287,590.5586762139885,363.8290542237582,44.54778741023726,1.90803695507131,42.63975045516595,35.357435422270505,146.82439915772244,61.60760460861048,7.543329596955307,5.987116411351946,24.86194938308225,6,4,19,1,0.2547444260567072,39.94514593055782,0.04449030761132916,0.06066666666666667,1.2720737443824561,4,7.0,1,1,0,2
1.1,0.8,OPTIMAL,0.3570139408111572,0.00650188058376599,531.6511152011117,354.58738042754834,44.94132323751421,1.90803695507131,43.0332862824429,36.57126784487917,95.55114369116988,66.69550204807074,8.453160719979664,6.878809580046698,17.97252765190289,6,4,19,1,0.16578389830508478,40.54307907423624,0.04551748272651962,0.06933333333333334,1.2720737443824561,4,7.0,1,1,0,2
1.1,0.9,OPTIMAL,0.35416102409362793,0.0,531.5180835419183,348.1699880888145,44.94132323751421,1.90803695507131,43.0332862824429,42.85562852441975,95.55114369116976,65.50482455247565,8.455276429737863,8.062873089630248,17.977025928156234,6,4,19,1,0.16578389830508455,45.69009163296765,0.04616245671131315,0.078,1.2720737443824561,4,7.0,1,1,0,2
1.1,1.0,OPTIMAL,0.33628320693969727,0.0,531.1197731800369,334.54016385468753,44.94132323751421,1.90803695507131,43.0332862824429,56.08714239666506,95.55114369116988,62.98770649257798,8.46161741793789,10.560168389297166,17.990507700186928,6,4,25,1,0.16578389830508478,55.46287193566761,0.047825169118408735,0.08666666666666667,1.2720737443824561,4,7.72,1,0,0,3
1.1,1.1,OPTIMAL,0.37666988372802734,0.008650083387222743,512.1500352753301,409.69420714253334,44.8790367621895,1.6695323356873963,43.20950442650211,30.28010336838105,27.296688002226162,79.99495829816416,8.762869017096268,5.912350147960562,5.3298225367790035,6,5,21,1,0.042243245175303534,42.21140964790979,0.05626644728425334,0.09533333333333334,1.2720737443824561,5,5.380952380952381,1,0,3,1
1.1,1.2,OPTIMAL,0.3526477813720703,0.006736329445703869,485.4003793132305,406.4855109731664,45.43619897476265,1.6695323356873963,43.766666639075254,33.47866936530137,0.0,83.74231424134507,9.360561077238573,6.897124681416343,0.0,6,5,21,0,0.0,43.54415790097827,0.05709197474421176,0.10400000000000002,1.2720737443824561,5,5.380952380952381,1,0,3,1
1.1,1.3,OPTIMAL,0.3763608932495117,0.005883238208622879,486.8572585093698,413.0924944389338,45.43619897476265,1.6695323356873963,43.766666639075254,28.328565095673383,0.0,84.84879032177018,9.33255038938445,5.8186592888453745,0.0,6,5,25,0,0.0,37.31329896417889,0.05845539711213175,0.11266666666666669,1.2720737443824561,5,6.44,1,0,2,2
1.1,1.4,OPTIMAL,0.37274909019470215,0.009394299340362929,461.6439720449362,374.37233914661977,45.43619897476265,1.6695323356873963,43.766666639075254,41.835433923553765,0.0,81.09546789667135,9.842259777268337,9.062272326060292,0.0,6,6,27,0,0.0,51.023723848446856,0.0629526365569071,0.12133333333333333,1.2720737443824561,6,6.111111111111111,1,1,2,2
1.2,0.4,OPTIMAL,0.5749187469482422,0.0,1236.4123040164072,479.0051813257189,39.65752478149944,3.3390646713747927,36.31846011012465,94.94290838010923,622.8066895290793,38.741541132331086,3.207467658860598,7.678903556013895,50.37208765279439,6,5,29,6,1.3518061074430157,108.20121392902517,0.02917062509119935,0.03466666666666667,1.3877168120535885,5,7.206896551724138,1,0,1,3
1.2,0.5,OPTIMAL,0.5495281219482422,0.007403077141654647,862.2724388211724,464.60867720527716,41.730048471032134,2.146541574455224,39.58350689657691,34.19252413582689,321.74118900903596,53.88188886571067,4.839543349904817,3.9653968509734683,37.313170933411016,6,4,21,3,0.65162294041363,44.32695062893396,0.03663957234346223,0.043333333333333335,1.3877168120535885,4,6.904761904761905,1,0,1,2
1.2,0.6,OPTIMAL,0.7389359474182129,0.007160878868632403,759.7876637549633,467.96701949791196,43.74497858654091,2.146541574455224,41.59843701208569,49.90769833520774,198.16796733530248,61.59181595357338,5.757526829318061,6.568637622853444,26.082019594255083,6,4,21,3,0.399371817657551,55.46178473733611,0.03718550808995033,0.05200000000000001,1.3877168120535885,4,6.904761904761905,1,0,1,2
1.2,0.7,OPTIMAL,0.3244190216064453,0.0,623.6340447797847,396.9044227895543,44.54778741023726,1.90803695507131,42.63975045516595,35.3574354222705,146.82439915772244,63.64380298219731,7.143257778039973,5.669580696922308,23.54335854284038,6,4,19,1,0.2547444260567072,39.94514593055782,0.04449030761132916,0.06066666666666667,1.3877168120535885,4,7.0,1,1,0,2
1.2,0.8,OPTIMAL,0.2573120594024658,0.008540402342178616,563.8863316036161,386.82259683005265,44.94132323751421,1.90803695507131,43.0332862824429,36.57126784487917,95.55114369116991,68.59939231546574,7.9699259795333575,6.485574449175857,16.945107255825025,6,4,19,1,0.16578389830508483,40.54307907423624,0.04551748272651962,0.06933333333333334,1.3877168120535885,4,7.0,1,1,0,2
1.2,0.9,OPTIMAL,0.31558680534362793,0.0034480093793358255,563.1699006409015,379.8218051877975,44.94132323751421,1.90803695507131,43.0332862824429,42.85562852441975,95.55114369116988,67.44355562247748,7.980064841244154,7.609715731549035,16.96666380472932,6,4,19,1,0.16578389830508478,45.69009163296765,0.04616245671131315,0.078,1.3877168120535885,4,7.0,1,1,0,2
1.2,1.0,OPTIMAL,0.3837909698486328,0.0,561.5325153486447,364.9529060232954,44.94132323751421,1.90803695507131,43.0332862824429,56.08714239666506,95.55114369116988,64.99230161172468,8.00333409181319,9.988227015107332,17.016137281354762,6,4,25,1,0.16578389830508478,55.46287193566761,0.047825169118408735,0.08666666666666667,1.3877168120535885,4,7.72,1,0,0,3
1.2,1.1,OPTIMAL,0.3182849884033203,0.006623164086536205,548.82491670569,443.43873924345417,44.8790367621895,1.6695323356873963,43.20950442650211,33.21045269782017,27.296688002226162,80.7978511444389,8.17729578160827,6.05119259110268,4.973660482850151,6,5,21,1,0.042243245175303534,43.64995225702681,0.056637046782307736,0.09533333333333334,1.3877168120535885,5,5.380952380952381,1,0,3,1
1.2,1.2,OPTIMAL,0.35635995864868164,0.004811100108726248,522.3536075835183,443.43873924345417,45.43619897476265,1.6695323356873963,43.766666639075254,33.47866936530137,0.0,84.89244312772425,8.69836032816102,6.40919654411471,0.0,6,5,21,0,0.0,43.54415790097827,0.05709197474421176,0.10400000000000002,1.3877168120535885,5,5.380952380952381,1,0,3,1
1.2,1.3,OPTIMAL,0.39395880699157715,0.003935904988655557,522.3536075835183,443.43873924345417,45.43619897476265,1.6695323356873963,43.766666639075254,33.47866936530137,0.0,84.89244312772425,8.69836032816102,6.40919654411471,0.0,6,5,21,0,0.0,43.54415790097827,0.05709197474421176,0.11266666666666669,1.3877168120535885,5,5.380952380952381,1,0,3,1
1.2,1.4,OPTIMAL,0.3259880542755127,0.009017361791435556,495.67782105826524,408.4061881599487,45.43619897476265,1.6695323356873963,43.766666639075254,41.83543392355375,0.0,82.39347632863766,9.166478112286121,8.440045559076193,0.0,6,6,27,0,0.0,51.023723848446856,0.0629526365569071,0.12133333333333333,1.3877168120535885,6,6.111111111111111,1,1,2,2
1.3,0.4,OPTIMAL,0.7910759449005127,0.0,1365.1800799367666,476.3385775664376,36.98294679159989,3.3390646713747927,33.6438821202251,97.60489782158426,754.2536577571448,34.891995903463595,2.709015999802231,7.149598742028612,55.249389354705556,6,6,29,6,1.556108906324039,118.34828808228258,0.028079854788582315,0.03466666666666667,1.5033598797247207,6,6.931034482758621,1,2,0,3
1.3,0.5,OPTIMAL,0.5339450836181641,0.007854450380168486,940.5623771737016,393.306653546834,39.8659307302608,2.146541574455224,37.71938915580557,32.1991410051402,475.1906518914664,41.816115878319756,4.238520665695138,3.423392407199561,50.52197104878552,6,4,18,5,0.8887453388007952,41.848550020040285,0.03798861905564057,0.043333333333333335,1.5033598797247207,4,7.222222222222222,2,0,0,2
1.3,0.6,OPTIMAL,0.4153299331665039,0.0,804.7276114006715,435.9958969029108,44.31991999401724,2.146541574455224,42.17337841956202,100.50953673900258,223.90225776474074,54.17931368653258,5.507443682325755,12.48988295108457,27.823359680057063,6,4,25,3,0.40323717877866905,79.78122505095624,0.03937799839789128,0.05200000000000001,1.5033598797247207,4,7.72,1,0,0,3
1.3,0.7,OPTIMAL,0.2857038974761963,0.0,656.7094133455807,429.9797913553506,44.54778741023727,1.90803695507131,42.63975045516596,35.35743542227051,146.82439915772224,65.47489385980249,6.783485435862764,5.384030547414179,22.357590156920548,6,4,19,1,0.2547444260567069,39.94514593055782,0.04449030761132916,0.06066666666666667,1.5033598797247207,4,7.0,1,1,0,2
1.3,0.8,OPTIMAL,0.31270599365234375,0.0,596.1215480061205,419.0578132325571,44.94132323751421,1.90803695507131,43.0332862824429,36.57126784487917,95.55114369116988,70.2973772101012,7.538952984979631,6.134867623423619,16.028802181495514,6,4,19,1,0.16578389830508478,40.54307907423624,0.04551748272651962,0.06933333333333334,1.5033598797247207,4,7.0,1,1,0,2
1.3,0.9,OPTIMAL,0.2955329418182373,0.0,594.8217177398848,411.4736222867807,44.941323237514204,1.90803695507131,43.033286282442894,42.855628524419735,95.55114369116997,69.17595810896702,7.555427432655884,7.204785441805352,16.063829016571724,6,4,19,1,0.16578389830508491,45.69009163296765,0.04616245671131314,0.078,1.5033598797247207,4,7.0,1,1,0,2
1.3,1.0,OPTIMAL,0.45746874809265137,0.0,591.9452575172526,395.36564819190335,44.94132323751421,1.90803695507131,43.0332862824429,56.08714239666506,95.55114369116988,66.79091405346384,7.5921417845305355,9.475055621174626,16.14188854083099,6,4,25,1,0.16578389830508478,55.46287193566761,0.047825169118408735,0.08666666666666667,1.5033598797247207,4,7.72,1,0,0,3
1.3,1.1,OPTIMAL,0.4429800510406494,0.007004346919173375,585.778144975978,480.39196751374203,44.8790367621895,1.6695323356873963,43.20950442650211,33.210452697820166,27.296688002226162,82.00919949538957,7.661439257695409,5.669459160034399,4.659902086880617,6,5,21,1,0.042243245175303534,43.64995225702681,0.056637046782307736,0.09533333333333334,1.5033598797247207,5,5.380952380952381,1,0,3,1
1.3,1.2,OPTIMAL,0.3449397087097168,0.009241041725608322,559.3068358538062,480.39196751374203,45.43619897476265,1.6695323356873963,43.766666639075254,33.47866936530137,0.0,85.8905947002065,8.123662373159146,5.985742926634309,0.0,6,5,21,0,0.0,43.54415790097827,0.05709197474421176,0.10400000000000002,1.5033598797247207,5,5.380952380952381,1,0,3,1
1.3,1.3,OPTIMAL,0.4282529354095459,0.00966311780595277,559.3068358538062,480.39196751374203,45.43619897476265,1.6695323356873963,43.766666639075254,33.47866936530137,0.0,85.8905947002065,8.123662373159146,5.985742926634309,0.0,6,5,21,0,0.0,43.54415790097827,0.05709197474421176,0.11266666666666669,1.5033598797247207,5,5.380952380952381,1,0,3,1
1.3,1.4,OPTIMAL,0.3903841972351074,0.0,529.7116700715942,442.4400371732778,45.43619897476265,1.6695323356873963,43.766666639075254,41.83543392355375,0.0,83.52469129356334,8.57753407030312,7.897774636133541,0.0,6,6,27,0,0.0,51.023723848446856,0.0629526365569071,0.12133333333333333,1.5033598797247207,6,6.111111111111111,1,1,2,2
1.4,0.4,OPTIMAL,0.5145919322967529,0.0,1452.8912048246057,491.61321168108066,36.57072705421718,3.3390646713747927,33.23166238284239,93.00451853940304,831.7027475499046,33.836890886845765,2.517100174657058,6.401340873326481,57.24466806517069,6,5,27,6,1.7441969741290784,117.84759476715637,0.028657724363590438,0.03466666666666667,1.6190029473958532,5,7.296296296296297,1,1,0,3
1.4,0.5,OPTIMAL,0.6074109077453613,0.0,970.8167351388422,423.561011511975,39.86593073026077,2.146541574455224,37.719389155805544,32.1991410051402,475.1906518914661,43.62934796868731,4.106432170697935,3.316706422508797,48.947513438105936,6,4,18,5,0.8887453388007962,41.84855002004026,0.037988619055640556,0.043333333333333335,1.6190029473958532,4,7.222222222222222,2,0,0,2
1.4,0.6,OPTIMAL,0.4043910503387451,0.0,838.2657573162803,469.5340428185192,44.31991999401724,2.146541574455224,42.17337841956202,100.50953673900258,223.90225776474114,56.0125519527052,5.287096557052275,11.990175652741117,26.71017583750139,6,4,25,3,0.4032371787786704,79.78122505095627,0.03937799839789129,0.05200000000000001,1.6190029473958532,4,7.72,1,0,0,3
1.4,0.7,OPTIMAL,0.2976977825164795,0.0045409416293918006,689.7847819113769,463.05515992114664,44.54778741023726,1.90803695507131,42.63975045516595,35.35743542227048,146.82439915772244,67.13038212267195,6.458215457696302,5.125864813122708,21.285537606509035,6,4,19,1,0.2547444260567072,39.94514593055782,0.04449030761132916,0.06066666666666667,1.6190029473958532,4,7.0,1,1,0,2
1.4,0.8,OPTIMAL,0.285477876663208,0.008886652420454237,628.3567644086248,451.2930296350614,44.94132323751421,1.90803695507131,43.0332862824429,36.57126784487918,95.55114369116993,71.82114607452246,7.152198525277361,5.8201438921880735,15.206511508012085,6,4,19,1,0.16578389830508486,40.54307907423624,0.04551748272651962,0.06933333333333334,1.6190029473958532,4,7.0,1,1,0,2
1.4,0.9,OPTIMAL,0.27553582191467285,0.0,625.7150400941474,416.21945489952486,44.94132323751421,1.90803695507131,43.0332862824429,69.00311826593838,95.55114369116988,66.51901076836812,7.18239459782718,11.027882317732992,15.270712316071691,6,4,25,1,0.16578389830508478,60.79455757080125,0.04616245671131315,0.078,1.6190029473958532,4,7.72,1,0,0,3
1.4,1.0,OPTIMAL,0.29599523544311523,0.0,622.3579996858605,425.77839036051125,44.94132323751421,1.90803695507131,43.0332862824429,56.08714239666506,95.55114369116986,68.41374105826965,7.221136911584434,9.01203847704624,15.353083553099655,6,4,25,1,0.16578389830508472,55.46287193566761,0.047825169118408735,0.08666666666666667,1.6190029473958532,4,7.72,1,0,0,3
1.4,1.1,OPTIMAL,0.3310081958770752,0.0,622.3579996858605,425.77839036051125,44.94132323751421,1.90803695507131,43.0332862824429,56.08714239666506,95.55114369116988,68.41374105826965,7.221136911584434,9.01203847704624,15.353083553099662,6,4,25,1,0.16578389830508478,55.46287193566761,0.047825169118408735,0.09533333333333334,1.6190029473958532,4,7.72,1,0,0,3
1.4,1.2,OPTIMAL,0.5083010196685791,0.0,622.3579996858604,425.77839036051125,44.94132323751421,1.90803695507131,43.0332862824429,56.08714239666504,95.55114369116983,68.41374105826966,7.221136911584436,9.012038477046238,15.353083553099655,6,4,25,1,0.16578389830508466,55.46287193566761,0.047825169118408735,0.10400000000000002,1.6190029473958532,4,7.72,1,0,0,3
1.4,1.3,OPTIMAL,0.5285980701446533,0.006544697362545311,593.7942139107746,476.4738861866068,44.807686023807136,1.6695323356873963,43.138153688119736,41.72031311016745,30.792328590193062,80.24225818040782,7.545995729513807,7.026055851133045,5.185690238945308,6,6,27,1,0.04765295650695611,51.27943839332113,0.06234029514203283,0.11266666666666669,1.6190029473958532,6,6.111111111111111,1,1,2,2
1.4,1.4,OPTIMAL,0.36298489570617676,0.009925925185291477,567.0043028626358,484.8827742339471,45.43619897476265,1.6695323356873963,43.766666639075254,36.68532965392576,0.0,85.51659516266781,8.01337816051286,6.470026676819288,0.0,6,6,31,0,0.0,44.792864911647484,0.0643160589248271,0.12133333333333333,1.6190029473958532,6,6.870967741935484,1,1,1,3
1.5,0.4,OPTIMAL,0.4504430294036865,0.008328967397871607,1609.159226166996,493.35612864359416,35.098267147430526,3.100560051990879,31.997707095439647,88.23170234230565,992.4731280336655,30.65924866980158,2.1811556356069444,5.483093338903002,61.67650235568847,6,5,20,6,2.023138066605531,118.49770251512757,0.03052998796790198,0.03466666666666667,1.7346460150669856,5,6.7,2,1,0,2
1.5,0.5,OPTIMAL,0.5026991367340088,0.008240090578035451,1001.071093103984,453.8153694771162,39.865930730260686,2.146541574455224,37.71938915580546,32.199141005140184,475.19065189146687,45.3329811042678,3.982327629364452,3.2164689627887966,47.46822230357894,6,4,18,5,0.8887453388008002,41.84855002004019,0.03798861905564051,0.043333333333333335,1.7346460150669856,4,7.222222222222222,2,0,0,2
1.5,0.6,OPTIMAL,0.4360470771789551,0.0,895.6921133151382,474.04360081107365,43.16550640297497,1.90803695507131,41.25746944790366,30.094311926014445,348.388694175075,52.924838096044205,4.819234842116749,3.359894709201948,38.896032352637086,6,5,19,2,0.5571695461111967,46.385340365388984,0.044945378839593604,0.05200000000000001,1.7346460150669856,5,5.315789473684211,1,1,2,1
1.5,0.7,OPTIMAL,0.3648848533630371,0.0,769.4791629767547,487.379538934124,44.1403189673948,1.90803695507131,42.23228201232349,38.04638864328295,199.91291643195265,63.338887182946024,5.736389117625559,4.944433907228792,25.98028979219959,6,4,19,1,0.34685448365481486,42.98929007869043,0.045246395865428946,0.06066666666666667,1.7346460150669856,4,7.0,1,1,0,2
1.5,0.8,OPTIMAL,0.26135683059692383,0.0,660.5919808111294,483.5282460375659,44.941323237514204,1.90803695507131,43.033286282442894,36.57126784487913,95.55114369116993,73.19620281249101,6.803189342736425,5.536135603701079,14.464472241071464,6,4,19,1,0.16578389830508486,40.54307907423624,0.04551748272651962,0.06933333333333334,1.7346460150669856,4,7.0,1,1,0,2
1.5,0.9,OPTIMAL,0.29216575622558594,0.0,655.4450011583995,445.94941596377674,44.941323237514204,1.90803695507131,43.033286282442894,69.00311826593838,95.55114369116994,68.03765612303533,6.856612401969234,10.527674807800175,14.578056667195236,6,4,25,1,0.1657838983050849,60.79455757080125,0.04616245671131314,0.078,1.7346460150669856,4,7.72,1,0,0,3
1.5,1.0,OPTIMAL,0.29782891273498535,0.0,652.7707418544685,456.19113252911933,44.94132323751421,1.90803695507131,43.0332862824429,56.087142396665065,95.55114369116983,69.8853522805139,6.884702446963168,8.592165487890291,14.63777978463263,6,4,25,1,0.16578389830508466,55.46287193566761,0.047825169118408735,0.08666666666666667,1.7346460150669856,4,7.72,1,0,0,3
1.5,1.1,OPTIMAL,0.32144689559936523,0.0062901847610604515,652.7707418544685,456.19113252911933,44.94132323751421,1.90803695507131,43.0332862824429,56.087142396665065,95.5511436911699,69.8853522805139,6.884702446963168,8.592165487890291,14.63777978463264,6,4,25,1,0.1657838983050848,55.46287193566761,0.047825169118408735,0.09533333333333334,1.7346460150669856,4,7.72,1,0,0,3
1.5,1.2,OPTIMAL,0.3693821430206299,0.0,652.7707418544685,456.19113252911933,44.94132323751421,1.90803695507131,43.0332862824429,56.08714239666506,95.55114369116988,69.8853522805139,6.884702446963168,8.59216548789029,14.637779784632638,6,4,25,1,0.16578389830508478,55.46287193566761,0.047825169118408735,0.10400000000000002,1.7346460150669856,4,7.72,1,0,0,3
1.5,1.3,OPTIMAL,0.4544088840484619,0.009802216879500805,652.7707418544682,456.19113252911933,44.94132323751421,1.90803695507131,43.0332862824429,56.08714239666508,95.5511436911695,69.88535228051394,6.88470244696317,8.592165487890298,14.637779784632585,6,4,25,1,0.1657838983050841,55.46287193566762,0.047825169118408735,0.11266666666666669,1.7346460150669856,4,7.72,1,0,0,3
1.5,1.4,OPTIMAL,0.37715601921081543,0.004653818368113679,618.8442229907913,488.9076376752828,45.09373936618536,1.4310277163034826,43.66271164988188,32.51337646595209,52.329469483370815,79.00334518959514,7.286767443388799,5.253887045890045,8.456000321125968,6,5,23,1,0.1386208072734374,38.714159963776595,0.07715429789579063,0.12133333333333333,1.7346460150669856,5,6.478260869565218,1,1,1,2
